ID;IP Address;;;
48;10.0.2.11;;;
47;10.0.2.12;;;
50;10.0.2.29;;;
154;10.0.2.30;;;
135;10.0.2.43;;;
143;10.0.2.44;;;
142;10.0.2.59;;;
139;10.0.2.60;;;
569;10.0.2.74;;;
1590;10.0.242.111;;;
2869;10.0.242.114;;;
2896;10.0.242.127;;;
2045;10.0.242.60;;;
1849;10.0.3.10;;;
1713;10.0.3.11;;;
1791;10.0.3.12;;;
1709;10.0.3.29;;;
1896;10.0.3.30;;;
1710;10.0.3.43;;;
1707;10.0.3.44;;;
1798;10.0.3.45;;;
1795;10.0.3.59;;;
1940;10.0.3.60;;;
1847;10.0.3.74;;;
1832;10.0.4.11;;;
1829;10.0.4.12;;;
1763;10.0.4.29;;;
1905;10.0.4.30;;;
1759;10.0.4.43;;;
1762;10.0.4.44;;;
1825;10.0.4.45;;;
1875;10.0.4.59;;;
1881;10.0.4.60;;;
1699;10.0.5.11;;;
1697;10.0.5.12;;;
1704;10.0.5.29;;;
1936;10.0.5.30;;;
1695;10.0.5.43;;;
1693;10.0.5.44;;;
1701;10.0.5.45;;;
1845;10.0.5.59;;;
1822;10.0.5.60;;;
2423;10.0.5.74;;;
1754;10.0.6.11;;;
1810;10.0.6.12;;;
1746;10.0.6.29;;;
1898;10.0.6.30;;;
1749;10.0.6.43;;;
1747;10.0.6.44;;;
2265;10.0.6.74;;;
1171;10.0.6.8;;;
1772;10.0.7.11;;;
1841;10.0.7.12;;;
1680;10.0.7.29;;;
1914;10.0.7.30;;;
1767;10.0.7.43;;;
1768;10.0.7.44;;;
1774;10.0.7.45;;;
1765;10.0.7.59;;;
1839;10.0.7.60;;;
1837;10.0.7.74;;;
1934;10.0.7.9;;;
753;10.0.8.1;;;
1779;10.0.8.11;;;
1784;10.0.8.12;;;
1687;10.0.8.29;;;
1916;10.0.8.30;;;
1690;10.0.8.43;;;
1789;10.0.8.44;;;
1787;10.0.8.45;;;
1781;10.0.8.59;;;
1870;10.0.8.60;;;
1945;10.0.8.74;;;
1173;10.0.8.8;;;
1175;10.0.8.9;;;
2885;10.0.9.1;;;
1732;10.0.9.11;;;
1854;10.0.9.12;;;
1729;10.0.9.29;;;
1921;10.0.9.30;;;
1675;10.0.9.43;;;
1727;10.0.9.44;;;
1820;10.0.9.45;;;
1859;10.0.9.59;;;
1922;10.0.9.60;;;
2287;10.0.9.74;;;
2642;104.17.253.239;;;
69;8.8.8.8;;;
